No.,Quantity,Name,Comment,Designator,Footprint,Value,Manufacturer Part,Manufacturer,Supplier Part,Supplier,Price,Price * Quantity, per package Price ,Link
1,3,Capacitor,22uF,"C1,C3,C4",C0805,22uF,CL21A226MPQNNNE,SAMSUNG(??),C29277,LCSC,"0,0038 €"," 0,0114 € ",,https://www.lcsc.com/product-detail/C29277.html
2,5,Capacitor,100nF,"C2,C5,C6,C7,C9",C0402,100nF,CL05B104KO5NNNC,SAMSUNG(??),C1525,LCSC,"0,0003 €"," 0,0015 € ",,https://www.lcsc.com/product-detail/C1525.html
3,1,Capacitor,10uF,C8,C0402,10uF,CL05A106MP5NUNC,SAMSUNG(??),C315248,LCSC,"0,0015 €"," 0,0015 € ",,https://www.lcsc.com/product-detail/C315248.html
4,2,Capacitor,10uF,"C10,C11",C0402,10uF,CL05A106MQ5NUNC,SAMSUNG(??),C15525,LCSC,"0,0011 €"," 0,0022 € ",,https://www.lcsc.com/product-detail/C15525.html
5,1,Capacitor,1000uF,C12,"CAP-TH_BD8.0-P3.50-D0,6-FD",1000uF,KM1A102MF115A00CV0,HUAWEI(????),C189254,LCSC,"0,0091 €"," 0,0091 € ",,https://www.lcsc.com/product-detail/C189254.html
6,1,Diode,1N4148WS,D1,SOD-323_L1.8-W1.3-LS2.5-RD,,1N4148WS,CJ(????/??),C2128,LCSC,"0,0014 €"," 0,0014 € ",,https://www.lcsc.com/product-detail/C2128.html
7,1,Diode,BAT760-7,D2,SOD-323_L1.8-W1.3-LS2.5-RD,,BAT760-7,DIODES(??),C124187,LCSC,"0,0092 €"," 0,0092 € ",,https://www.lcsc.com/product-detail/C124187.html
8,3,TVS Diode,LESD5D5.0CT1G,"D3,D4,D5","SOD-523_L1.2-W0,8-LS1.6-BI",,LESD5D5.0CT1G,UMW(?????),C5199850,LCSC,"0,0022 €"," 0,0066 € ",,https://www.lcsc.com/product-detail/C5199850.html
9,8,2-Pin Male Header,PZ254V-11-02P,"H1,H2,H3,H4,H5,H6,H7,H8",HDR-TH_2P-P2.54-V-M,,PZ254V-11-02P,XFCN(??),C492401,LCSC,"0,0024 €"," 0,0192 € ",,https://www.lcsc.com/product-detail/C492401.html
10,18,3-Pin Male Header,2.54-1*3P?,"H9,H10,H11,H12,H13,H14,H15,H16,H17,H32,H33,H34,H35,H36,H37,H38,H39,H40",HDR-TH_3P-P2.54-V-M-1,,2.54-1*3P?,BOOMELE(????),C49257,LCSC,"0,0034 €"," 0,0612 € ",,https://www.lcsc.com/product-detail/C49257.html
11,1,LED Red,KT-0805R,LED1,LED0805-R-RD,,KT-0805R,KENTO,C2295,LCSC,"0,0017 €"," 0,0017 € ",,https://www.lcsc.com/product-detail/C2295.html
12,2,Bipolar Transistor,SS8050-G(RANGE:200-350),"Q1,Q2",SOT-23-3_L2.9-W1.3-P1.90-LS2.4-BR,,SS8050-G(RANGE:200-350),CJ(????/??),C164885,LCSC,"0,0023 €"," 0,0046 € ",,https://www.lcsc.com/product-detail/C164885.html
13,1,MOSFET,IRLML6401,Q3,SOT-23-3_L2.9-W1.3-P1.90-LS2.4-BR,,IRLML6401,KEXIN(??),C382329,LCSC,"0,0057 €"," 0,0057 € ",,https://www.lcsc.com/product-detail/C382329.html
14,1,Resistor,2k?,R1,R0402,2k?,0402WGF2001TCE,UNI-ROYAL(??),C4109,LCSC,"0,0002 €"," 0,0002 € ",,https://www.lcsc.com/product-detail/C4109.html
15,28,Resistor,10k?,"R2,R3,R4,R5,R6,R7,R8,R9,R10,R18,R21,R22,R30,R31,R32,R33,R34,R35,R44,R58,R59,R60,R61,R65,R67,R68,R75,R76",R0402,10k?,FRC0402F1002TS,FOJAN(??),C2906861,LCSC,"0,0001 €"," 0,0028 € ",,https://www.lcsc.com/product-detail/C2906861.html
16,10,Resistor,0?,"R11,R14,R17,R55,R56,R57,R64,R66,R77,R78",R0402,0?,RC0402FR-070RL,YAGEO(??),C106231,LCSC,"0,0002 €"," 0,0020 € ",,https://www.lcsc.com/product-detail/C106231.html
17,2,Resistor,5.1k?,"R12,R13",R0402,5.1k?,0402WGF5101TCE,UNI-ROYAL(??),C25905,LCSC,"0,0002 €"," 0,0004 € ",,https://www.lcsc.com/product-detail/C25905.html
18,18,Resistor,220?,"R15,R16,R19,R20,R24,R25,R28,R29,R36,R54,R62,R63,R69,R70,R71,R72,R73,R74",R0402,220?,0402WGF2200TCE,UNI-ROYAL(??),C25091,LCSC,"0,0002 €"," 0,0036 € ",,https://www.lcsc.com/product-detail/C25091.html
19,1,Resistor,22.1k?,R23,R0402,22.1k?,0402WGF2212TCE,UNI-ROYAL(??),C43473,LCSC,"0,0002 €"," 0,0002 € ",,https://www.lcsc.com/product-detail/C43473.html
20,1,Resistor,47.5k?,R26,R0402,47.5k?,0402WGF4752TCE,UNI-ROYAL(??),C25896,LCSC,"0,0002 €"," 0,0002 € ",,https://www.lcsc.com/product-detail/C25896.html
21,1,Resistor,1k?,R27,R0402,1k?,0402WGF1001TCE,UNI-ROYAL(??),C11702,LCSC,"0,0002 €"," 0,0002 € ",,https://www.lcsc.com/product-detail/C11702.html
22,2,Tactile Switch,TS-1088-AR02016,"SW1,SW2",SW-SMD_L3.9-W3.0-P4.45,,TS-1088-AR02016,XUNPU(??),C720477,LCSC,"0,0084 €"," 0,0168 € ",,https://www.lcsc.com/product-detail/C720477.html
23,1,ESP32 Microcontroller,2.4GHz,U1,WIFI-SMD_ESP32-WROOM-32E,2.4GHz,ESP32-WROOM-32E-N16,ESPRESSIF(??),C701343,LCSC,"0,6900 €"," 0,6900 € ",,https://www.lcsc.com/product-detail/C701343.html
24,1,Voltage Regulator 1A,AMS1117-3.3,U2,SOT-223-4_L6.5-W3.5-P2.30-LS7.0-BR,,AMS1117-3.3,UMW(?????),C347222,LCSC,"0,0063 €"," 0,0063 € ",,https://www.lcsc.com/product-detail/C347222.html
25,1,USB-to-UART Bridge,CP2102N-A02-GQFN28R,U3,"QFN-28_L5.0-W5.0-P0,50-TL-EP3.3",,CP2102N-A02-GQFN28R,SKYWORKS/SILICON LABS(??),C964632,LCSC,"0,2422 €"," 0,2422 € ",,https://www.lcsc.com/product-detail/C964632.html
26,2,PWM Controller,"PCA9685PW,118","U4,U5","TSSOP-28_L9.7-W4.4-P0,65-LS6.4-TL",-,"PCA9685PW,118",NXP(???),C2678753,LCSC,"0,4910 €"," 0,9820 € ",,https://www.lcsc.com/product-detail/C2678753.html
27,1,2 Wire to Board,DB301V-3.5-2P-GN-S,U6,CONN-TH_DB301V-3.5-2P-GN,,DB301V-3.5-2P-GN-S,DORABO(????),C695629,LCSC,"0,0139 €"," 0,0139 € ",,https://www.lcsc.com/product-detail/C695629.html
28,1,USB-C Connector,TYPE-C16PIN,USB1,USB-C-SMD_TYPE-C16PIN,,TYPE-C16PIN,SHOU HAN(??),C393939,LCSC,"0,0106 €"," 0,0106 € ",,https://www.lcsc.com/product-detail/C393939.html
29,5,PCB minus components,,,,,,,,,," 22,7300 € ",,https://jlcpcb.com
,,,,,,,,,,,,,,
30,18,Servo sg90,Buy x6 3PCS,,,,,,,,"1,3367 €"," 24,0600 € ","4,0100 €",https://de.aliexpress.com/item/1005007104370383.html
31,8,Light Resistors,Available in 10PCS,,,,,,,,"0,0870 €"," 0,6960 € ","0,8700 €",https://de.aliexpress.com/item/32966282692.html
32,24,M2 8mm Screw,Only Available in 50PCS,,,,,,,,"0,0330 €"," 0,7920 € "," 1,65 € ",https://de.aliexpress.com/item/1005002247282771.html
33,12,M2 10mm Screw,Only Available in 50PCS,,,,,,,,"0,0344 €"," 0,4128 € "," 1,72 € ",https://de.aliexpress.com/item/1005002247282771.html
34,36,M2 Nut,Only Available in 50PCS,,,,,,,,"0,0314"," 1,1304 € "," 1,57 € ",https://de.aliexpress.com/item/1005008314195033.html
35,16,Cables,For the Light Resistors,,,,,,,,"0,13 €"," 2,1120 € ","2,64 €",https://de.aliexpress.com/item/1005007046465880.html
36,1,4.8V 3000mAh Battery,,,,,,,,,"9,64 €"," 9,6400 € ","9,64 €",https://de.aliexpress.com/item/1005006690430909.html
,,,,,,,,,,,,,,
37,1,PLA Filament Spool,Choose your Color,,,,,,,,"15,43 €"," 15,4300 € ","15,43 €",https://www.amazon.com/dp/B0CD161SQR
,,,,,,,,,,,,,,
,,,JLCPCB Components,JLCPCB PCB (for 5),AliExpress,Amazon,,SubTotal,Total,Total (aliexpress new customer),," 77,0032 € ",,
,,," 2,1067 € "," 22,7300 € "," 42,1500 € "," 15,4300 € ",," 80,3100 € "," 105,2000 € "," 95,1100 € ",,,,
,,shipping,," 1,2900 € "," 13,6600 € "," 9,94 € ",," 24,8900 € ",,,,,,
,,new customer (total),,," 45,7200 € ",,," 45,72 € "," 45,72 € ",,,,,
,,,,,,,,,,,,,,
,Total," 105,2000 € ",,Total (aliexpress new customer)," 95,1100 € ",,,,,,,,,
